
insert into tipo_movilidad(id_tipo_movilidad, status, text_user, text_host, descripcion) values(	1	,	1   ,   'tuser' ,		'thost',    'otro'	);
insert into tipo_movilidad(id_tipo_movilidad, status, text_user, text_host, descripcion) values(	2	,	1   ,   'tuser' ,		'thost',	'teleferico'	);
insert into tipo_movilidad(id_tipo_movilidad, status, text_user, text_host, descripcion) values(	3	,	1   ,   'tuser' ,		'thost',    'pumakatari'	);
insert into tipo_movilidad(id_tipo_movilidad, status, text_user, text_host, descripcion) values(	4	,	0   ,   'tuser' ,		'thost',    'prueba'	);

insert into movilidad(id_movilidad, status, text_user, text_host, id_tipo_movilidad) values(	1	,	1	,	'tuser'	,	'thost'	,	1	);
insert into movilidad(id_movilidad, status, text_user, text_host, id_tipo_movilidad) values(	2	,	1	,	'tuser'	,	'thost'	,	3	);
insert into movilidad(id_movilidad, status, text_user, text_host, id_tipo_movilidad) values(	3	,	1	,	'tuser'	,	'thost'	,	1	);
insert into movilidad(id_movilidad, status, text_user, text_host, id_tipo_movilidad) values(	4	,	1	,	'tuser'	,	'thost'	,	2	);
insert into movilidad(id_movilidad, status, text_user, text_host, id_tipo_movilidad) values(	5	,	1	,	'tuser'	,	'thost'	,	1	);
insert into movilidad(id_movilidad, status, text_user, text_host, id_tipo_movilidad) values(	6	,	1	,	'tuser'	,	'thost'	,	1	);
insert into movilidad(id_movilidad, status, text_user, text_host, id_tipo_movilidad) values(	7	,	1	,	'tuser'	,	'thost'	,	1	);
insert into movilidad(id_movilidad, status, text_user, text_host, id_tipo_movilidad) values(	8	,	1	,	'tuser'	,	'thost'	,	3	);
insert into movilidad(id_movilidad, status, text_user, text_host, id_tipo_movilidad) values(	9	,	1	,	'tuser'	,	'thost'	,	2	);
insert into movilidad(id_movilidad, status, text_user, text_host, id_tipo_movilidad) values(	10	,	1	,	'tuser'	,	'thost'	,	3	);
insert into movilidad(id_movilidad, status, text_user, text_host, id_tipo_movilidad) values(	11	,	1	,	'tuser'	,	'thost'	,	3	);
insert into movilidad(id_movilidad, status, text_user, text_host, id_tipo_movilidad) values(	12	,	1	,	'tuser'	,	'thost'	,	2	);
insert into movilidad(id_movilidad, status, text_user, text_host, id_tipo_movilidad) values(	13	,	1	,	'tuser'	,	'thost'	,	1	);
insert into movilidad(id_movilidad, status, text_user, text_host, id_tipo_movilidad) values(	14	,	1	,	'tuser'	,	'thost'	,	2	);
insert into movilidad(id_movilidad, status, text_user, text_host, id_tipo_movilidad) values(	15	,	1	,	'tuser'	,	'thost'	,	3	);
insert into movilidad(id_movilidad, status, text_user, text_host, id_tipo_movilidad) values(	16	,	1	,	'tuser'	,	'thost'	,	1	);
insert into movilidad(id_movilidad, status, text_user, text_host, id_tipo_movilidad) values(	17	,	1	,	'tuser'	,	'thost'	,	3	);
insert into movilidad(id_movilidad, status, text_user, text_host, id_tipo_movilidad) values(	18	,	1	,	'tuser'	,	'thost'	,	3	);
insert into movilidad(id_movilidad, status, text_user, text_host, id_tipo_movilidad) values(	19	,	1	,	'tuser'	,	'thost'	,	2	);
insert into movilidad(id_movilidad, status, text_user, text_host, id_tipo_movilidad) values(	20	,	1	,	'tuser'	,	'thost'	,	1	);
insert into movilidad(id_movilidad, status, text_user, text_host, id_tipo_movilidad) values(	21	,	1	,	'tuser'	,	'thost'	,	3	);
insert into movilidad(id_movilidad, status, text_user, text_host, id_tipo_movilidad) values(	22	,	1	,	'tuser'	,	'thost'	,	2	);
insert into movilidad(id_movilidad, status, text_user, text_host, id_tipo_movilidad) values(	23	,	1	,	'tuser'	,	'thost'	,	2	);
insert into movilidad(id_movilidad, status, text_user, text_host, id_tipo_movilidad) values(	24	,	1	,	'tuser'	,	'thost'	,	1	);
insert into movilidad(id_movilidad, status, text_user, text_host, id_tipo_movilidad) values(	25	,	1	,	'tuser'	,	'thost'	,	1	);
insert into movilidad(id_movilidad, status, text_user, text_host, id_tipo_movilidad) values(	26	,	1	,	'tuser'	,	'thost'	,	2	);
insert into movilidad(id_movilidad, status, text_user, text_host, id_tipo_movilidad) values(	27	,	1	,	'tuser'	,	'thost'	,	2	);
insert into movilidad(id_movilidad, status, text_user, text_host, id_tipo_movilidad) values(	28	,	1	,	'tuser'	,	'thost'	,	2	);
insert into movilidad(id_movilidad, status, text_user, text_host, id_tipo_movilidad) values(	29	,	1	,	'tuser'	,	'thost'	,	2	);
insert into movilidad(id_movilidad, status, text_user, text_host, id_tipo_movilidad) values(	30	,	1	,	'tuser'	,	'thost'	,	2	);
insert into movilidad(id_movilidad, status, text_user, text_host, id_tipo_movilidad) values(	31	,	1	,	'tuser'	,	'thost'	,	3	);
insert into movilidad(id_movilidad, status, text_user, text_host, id_tipo_movilidad) values(	32	,	1	,	'tuser'	,	'thost'	,	3	);
insert into movilidad(id_movilidad, status, text_user, text_host, id_tipo_movilidad) values(	33	,	1	,	'tuser'	,	'thost'	,	2	);
insert into movilidad(id_movilidad, status, text_user, text_host, id_tipo_movilidad) values(	34	,	1	,	'tuser'	,	'thost'	,	2	);
insert into movilidad(id_movilidad, status, text_user, text_host, id_tipo_movilidad) values(	35	,	1	,	'tuser'	,	'thost'	,	3	);
insert into movilidad(id_movilidad, status, text_user, text_host, id_tipo_movilidad) values(	36	,	1	,	'tuser'	,	'thost'	,	3	);
insert into movilidad(id_movilidad, status, text_user, text_host, id_tipo_movilidad) values(	37	,	1	,	'tuser'	,	'thost'	,	1	);
insert into movilidad(id_movilidad, status, text_user, text_host, id_tipo_movilidad) values(	38	,	1	,	'tuser'	,	'thost'	,	1	);
insert into movilidad(id_movilidad, status, text_user, text_host, id_tipo_movilidad) values(	39	,	1	,	'tuser'	,	'thost'	,	1	);
insert into movilidad(id_movilidad, status, text_user, text_host, id_tipo_movilidad) values(	40	,	1	,	'tuser'	,	'thost'	,	1	);
insert into movilidad(id_movilidad, status, text_user, text_host, id_tipo_movilidad) values(	41	,	1	,	'tuser'	,	'thost'	,	1	);
insert into movilidad(id_movilidad, status, text_user, text_host, id_tipo_movilidad) values(	42	,	1	,	'tuser'	,	'thost'	,	3	);
insert into movilidad(id_movilidad, status, text_user, text_host, id_tipo_movilidad) values(	43	,	1	,	'tuser'	,	'thost'	,	3	);
insert into movilidad(id_movilidad, status, text_user, text_host, id_tipo_movilidad) values(	44	,	1	,	'tuser'	,	'thost'	,	1	);
insert into movilidad(id_movilidad, status, text_user, text_host, id_tipo_movilidad) values(	45	,	1	,	'tuser'	,	'thost'	,	1	);
insert into movilidad(id_movilidad, status, text_user, text_host, id_tipo_movilidad) values(	46	,	1	,	'tuser'	,	'thost'	,	1	);
insert into movilidad(id_movilidad, status, text_user, text_host, id_tipo_movilidad) values(	47	,	1	,	'tuser'	,	'thost'	,	2	);
insert into movilidad(id_movilidad, status, text_user, text_host, id_tipo_movilidad) values(	48	,	1	,	'tuser'	,	'thost'	,	3	);
insert into movilidad(id_movilidad, status, text_user, text_host, id_tipo_movilidad) values(	49	,	1	,	'tuser'	,	'thost'	,	1	);
insert into movilidad(id_movilidad, status, text_user, text_host, id_tipo_movilidad) values(	50	,	1	,	'tuser'	,	'thost'	,	2	);


insert into parada(id_parada, status, text_user, text_host, name_parada, latitud, longitud) values(	1	,	1	,	'tuser'	,	'thost'	,	'parada 1'	,	-1.49104136507	,	-1.02196408289	);
insert into parada(id_parada, status, text_user, text_host, name_parada, latitud, longitud) values(	2	,	1	,	'tuser'	,	'thost'	,	'parada 2'	,	-2.71041463334	,	-2.14511971700	);
insert into parada(id_parada, status, text_user, text_host, name_parada, latitud, longitud) values(	3	,	1	,	'tuser'	,	'thost'	,	'parada 3'	,	-1.56377041947	,	1.66636153273	);
insert into parada(id_parada, status, text_user, text_host, name_parada, latitud, longitud) values(	4	,	1	,	'tuser'	,	'thost'	,	'parada 4'	,	2.49553078916	,	0.00872538879	);
insert into parada(id_parada, status, text_user, text_host, name_parada, latitud, longitud) values(	5	,	1	,	'tuser'	,	'thost'	,	'parada 5'	,	-0.34415840050	,	1.54274487474	);
insert into parada(id_parada, status, text_user, text_host, name_parada, latitud, longitud) values(	6	,	1	,	'tuser'	,	'thost'	,	'parada 6'	,	0.41094077003	,	0.96663323559	);
insert into parada(id_parada, status, text_user, text_host, name_parada, latitud, longitud) values(	7	,	1	,	'tuser'	,	'thost'	,	'parada 7'	,	-2.64945637795	,	0.09265236574	);
insert into parada(id_parada, status, text_user, text_host, name_parada, latitud, longitud) values(	8	,	1	,	'tuser'	,	'thost'	,	'parada 8'	,	2.61380198656	,	-0.83742635603	);
insert into parada(id_parada, status, text_user, text_host, name_parada, latitud, longitud) values(	9	,	1	,	'tuser'	,	'thost'	,	'parada 9'	,	0.93332084189	,	2.47200134159	);
insert into parada(id_parada, status, text_user, text_host, name_parada, latitud, longitud) values(	10	,	1	,	'tuser'	,	'thost'	,	'parada 10'	,	-1.27019881823	,	1.79725745890	);
insert into parada(id_parada, status, text_user, text_host, name_parada, latitud, longitud) values(	11	,	1	,	'tuser'	,	'thost'	,	'parada 11'	,	1.23492211400	,	-2.03384139494	);
insert into parada(id_parada, status, text_user, text_host, name_parada, latitud, longitud) values(	12	,	1	,	'tuser'	,	'thost'	,	'parada 12'	,	1.18908314436	,	1.99668807979	);
insert into parada(id_parada, status, text_user, text_host, name_parada, latitud, longitud) values(	13	,	1	,	'tuser'	,	'thost'	,	'parada 13'	,	-2.15903190384	,	1.48113090825	);
insert into parada(id_parada, status, text_user, text_host, name_parada, latitud, longitud) values(	14	,	1	,	'tuser'	,	'thost'	,	'parada 14'	,	0.72143210824	,	2.19084253712	);
insert into parada(id_parada, status, text_user, text_host, name_parada, latitud, longitud) values(	15	,	1	,	'tuser'	,	'thost'	,	'parada 15'	,	0.22744724732	,	-2.93444498791	);
insert into parada(id_parada, status, text_user, text_host, name_parada, latitud, longitud) values(	16	,	1	,	'tuser'	,	'thost'	,	'parada 16'	,	-1.72117976828	,	2.99578540129	);
insert into parada(id_parada, status, text_user, text_host, name_parada, latitud, longitud) values(	17	,	1	,	'tuser'	,	'thost'	,	'parada 17'	,	-1.45624519255	,	-0.54750824052	);
insert into parada(id_parada, status, text_user, text_host, name_parada, latitud, longitud) values(	18	,	1	,	'tuser'	,	'thost'	,	'parada 18'	,	1.92707484143	,	-1.83535013275	);
insert into parada(id_parada, status, text_user, text_host, name_parada, latitud, longitud) values(	19	,	1	,	'tuser'	,	'thost'	,	'parada 19'	,	-2.96718514672	,	-1.26218889984	);
insert into parada(id_parada, status, text_user, text_host, name_parada, latitud, longitud) values(	20	,	1	,	'tuser'	,	'thost'	,	'parada 20'	,	-1.81648219887	,	0.29328236678	);
insert into parada(id_parada, status, text_user, text_host, name_parada, latitud, longitud) values(	21	,	1	,	'tuser'	,	'thost'	,	'parada 21'	,	-1.59280006253	,	2.34964209344	);
insert into parada(id_parada, status, text_user, text_host, name_parada, latitud, longitud) values(	22	,	1	,	'tuser'	,	'thost'	,	'parada 22'	,	-0.96537750880	,	2.73327081887	);
insert into parada(id_parada, status, text_user, text_host, name_parada, latitud, longitud) values(	23	,	1	,	'tuser'	,	'thost'	,	'parada 23'	,	-2.79915947350	,	2.91883435119	);
insert into parada(id_parada, status, text_user, text_host, name_parada, latitud, longitud) values(	24	,	1	,	'tuser'	,	'thost'	,	'parada 24'	,	2.42353046354	,	-0.24018716466	);
insert into parada(id_parada, status, text_user, text_host, name_parada, latitud, longitud) values(	25	,	1	,	'tuser'	,	'thost'	,	'parada 25'	,	2.52898940726	,	-0.34240685138	);
insert into parada(id_parada, status, text_user, text_host, name_parada, latitud, longitud) values(	26	,	1	,	'tuser'	,	'thost'	,	'parada 6'	,	2.30705482373	,	-1.11234976431	);
insert into parada(id_parada, status, text_user, text_host, name_parada, latitud, longitud) values(	27	,	1	,	'tuser'	,	'thost'	,	'parada 7'	,	-2.78007921420	,	0.06041409577	);
insert into parada(id_parada, status, text_user, text_host, name_parada, latitud, longitud) values(	28	,	1	,	'tuser'	,	'thost'	,	'parada 8'	,	-2.63279863790	,	1.70453874803	);
insert into parada(id_parada, status, text_user, text_host, name_parada, latitud, longitud) values(	29	,	1	,	'tuser'	,	'thost'	,	'parada 9'	,	-1.10945855302	,	-1.98803275729	);
insert into parada(id_parada, status, text_user, text_host, name_parada, latitud, longitud) values(	30	,	1	,	'tuser'	,	'thost'	,	'parada 1'	,	-1.28578995001	,	-2.07834756546	);
insert into parada(id_parada, status, text_user, text_host, name_parada, latitud, longitud) values(	31	,	1	,	'tuser'	,	'thost'	,	'parada 1'	,	0.02111783302	,	-2.44651272982	);
insert into parada(id_parada, status, text_user, text_host, name_parada, latitud, longitud) values(	32	,	1	,	'tuser'	,	'thost'	,	'parada 1'	,	0.41901002400	,	-2.20392196849	);
insert into parada(id_parada, status, text_user, text_host, name_parada, latitud, longitud) values(	33	,	1	,	'tuser'	,	'thost'	,	'parada 1'	,	-2.51914602265	,	0.40929231072	);
insert into parada(id_parada, status, text_user, text_host, name_parada, latitud, longitud) values(	34	,	1	,	'tuser'	,	'thost'	,	'parada 1'	,	2.89315956739	,	0.38907594830	);
insert into parada(id_parada, status, text_user, text_host, name_parada, latitud, longitud) values(	35	,	1	,	'tuser'	,	'thost'	,	'parada 1'	,	-1.31643624504	,	-1.07520534019	);
insert into parada(id_parada, status, text_user, text_host, name_parada, latitud, longitud) values(	36	,	1	,	'tuser'	,	'thost'	,	'parada 1'	,	1.80258395702	,	0.27910575898	);
insert into parada(id_parada, status, text_user, text_host, name_parada, latitud, longitud) values(	37	,	1	,	'tuser'	,	'thost'	,	'parada 1'	,	2.80481050000	,	-2.8443590	);
insert into parada(id_parada, status, text_user, text_host, name_parada, latitud, longitud) values(	38	,	1	,	'tuser'	,	'thost'	,	'parada 1'	,	-21.16454150000	,	-10.1715654	);
insert into parada(id_parada, status, text_user, text_host, name_parada, latitud, longitud) values(	39	,	1	,	'tuser'	,	'thost'	,	'parada 1'	,	8.82563480000	,	-11.0223028	);
insert into parada(id_parada, status, text_user, text_host, name_parada, latitud, longitud) values(	40	,	1	,	'tuser'	,	'thost'	,	'parada 1'	,	-1.45930500000	,	-1.3336835	);
insert into parada(id_parada, status, text_user, text_host, name_parada, latitud, longitud) values(	41	,	1	,	'tuser'	,	'thost'	,	'parada 1'	,	24.68636450000	,	-22.2930725	);
insert into parada(id_parada, status, text_user, text_host, name_parada, latitud, longitud) values(	42	,	1	,	'tuser'	,	'thost'	,	'parada 1'	,	-29.17959000000	,	-1.3854963	);
insert into parada(id_parada, status, text_user, text_host, name_parada, latitud, longitud) values(	43	,	1	,	'tuser'	,	'thost'	,	'parada 1'	,	-16.42208980000	,	27.7330782	);
insert into parada(id_parada, status, text_user, text_host, name_parada, latitud, longitud) values(	44	,	1	,	'tuser'	,	'thost'	,	'parada 1'	,	27.76662840000	,	-2.2518982	);
insert into parada(id_parada, status, text_user, text_host, name_parada, latitud, longitud) values(	45	,	1	,	'tuser'	,	'thost'	,	'parada 1'	,	-2.00916900000	,	4.9826319	);
insert into parada(id_parada, status, text_user, text_host, name_parada, latitud, longitud) values(	46	,	1	,	'tuser'	,	'thost'	,	'parada 1'	,	-10.02332400000	,	-28.3499396	);
insert into parada(id_parada, status, text_user, text_host, name_parada, latitud, longitud) values(	47	,	1	,	'tuser'	,	'thost'	,	'parada 1'	,	27.48381280000	,	-21.1281886	);
insert into parada(id_parada, status, text_user, text_host, name_parada, latitud, longitud) values(	48	,	1	,	'tuser'	,	'thost'	,	'parada 1'	,	-6.94108530000	,	-15.8481152	);
insert into parada(id_parada, status, text_user, text_host, name_parada, latitud, longitud) values(	49	,	1	,	'tuser'	,	'thost'	,	'parada 1'	,	26.74250660000	,	-25.3717252	);
insert into parada(id_parada, status, text_user, text_host, name_parada, latitud, longitud) values(	50	,	1	,	'tuser'	,	'thost'	,	'parada 1'	,	-23.07875590000	,	15.0827940	);

insert into ruta(id_ruta, status, text_user, text_host, id_origen, id_destino) values(	52	,	1	,	'tuser'	,	'thost'	,	5	,	11	);
insert into ruta(id_ruta, status, text_user, text_host, id_origen, id_destino) values(	53	,	1	,	'tuser'	,	'thost'	,	18	,	14	);
insert into ruta(id_ruta, status, text_user, text_host, id_origen, id_destino) values(	54	,	1	,	'tuser'	,	'thost'	,	17	,	22	);
insert into ruta(id_ruta, status, text_user, text_host, id_origen, id_destino) values(	55	,	1	,	'tuser'	,	'thost'	,	25	,	4	);
insert into ruta(id_ruta, status, text_user, text_host, id_origen, id_destino) values(	56	,	1	,	'tuser'	,	'thost'	,	10	,	2	);
insert into ruta(id_ruta, status, text_user, text_host, id_origen, id_destino) values(	57	,	1	,	'tuser'	,	'thost'	,	6	,	12	);
insert into ruta(id_ruta, status, text_user, text_host, id_origen, id_destino) values(	58	,	1	,	'tuser'	,	'thost'	,	11	,	15	);
insert into ruta(id_ruta, status, text_user, text_host, id_origen, id_destino) values(	59	,	1	,	'tuser'	,	'thost'	,	11	,	25	);
insert into ruta(id_ruta, status, text_user, text_host, id_origen, id_destino) values(	60	,	1	,	'tuser'	,	'thost'	,	24	,	18	);
insert into ruta(id_ruta, status, text_user, text_host, id_origen, id_destino) values(	61	,	1	,	'tuser'	,	'thost'	,	5	,	5	);
insert into ruta(id_ruta, status, text_user, text_host, id_origen, id_destino) values(	62	,	1	,	'tuser'	,	'thost'	,	10	,	17	);
insert into ruta(id_ruta, status, text_user, text_host, id_origen, id_destino) values(	63	,	1	,	'tuser'	,	'thost'	,	2	,	25	);
insert into ruta(id_ruta, status, text_user, text_host, id_origen, id_destino) values(	64	,	1	,	'tuser'	,	'thost'	,	13	,	13	);
insert into ruta(id_ruta, status, text_user, text_host, id_origen, id_destino) values(	65	,	1	,	'tuser'	,	'thost'	,	2	,	23	);
insert into ruta(id_ruta, status, text_user, text_host, id_origen, id_destino) values(	66	,	1	,	'tuser'	,	'thost'	,	2	,	14	);
insert into ruta(id_ruta, status, text_user, text_host, id_origen, id_destino) values(	67	,	1	,	'tuser'	,	'thost'	,	18	,	9	);
insert into ruta(id_ruta, status, text_user, text_host, id_origen, id_destino) values(	68	,	1	,	'tuser'	,	'thost'	,	2	,	15	);
insert into ruta(id_ruta, status, text_user, text_host, id_origen, id_destino) values(	69	,	1	,	'tuser'	,	'thost'	,	7	,	19	);
insert into ruta(id_ruta, status, text_user, text_host, id_origen, id_destino) values(	70	,	1	,	'tuser'	,	'thost'	,	18	,	22	);
insert into ruta(id_ruta, status, text_user, text_host, id_origen, id_destino) values(	71	,	1	,	'tuser'	,	'thost'	,	25	,	10	);
insert into ruta(id_ruta, status, text_user, text_host, id_origen, id_destino) values(	72	,	1	,	'tuser'	,	'thost'	,	8	,	12	);
insert into ruta(id_ruta, status, text_user, text_host, id_origen, id_destino) values(	73	,	1	,	'tuser'	,	'thost'	,	3	,	2	);
insert into ruta(id_ruta, status, text_user, text_host, id_origen, id_destino) values(	74	,	1	,	'tuser'	,	'thost'	,	5	,	10	);
insert into ruta(id_ruta, status, text_user, text_host, id_origen, id_destino) values(	75	,	1	,	'tuser'	,	'thost'	,	24	,	24	);
insert into ruta(id_ruta, status, text_user, text_host, id_origen, id_destino) values(	76	,	1	,	'tuser'	,	'thost'	,	4	,	12	);
insert into ruta(id_ruta, status, text_user, text_host, id_origen, id_destino) values(	77	,	1	,	'tuser'	,	'thost'	,	12	,	18	);
insert into ruta(id_ruta, status, text_user, text_host, id_origen, id_destino) values(	78	,	1	,	'tuser'	,	'thost'	,	9	,	4	);
insert into ruta(id_ruta, status, text_user, text_host, id_origen, id_destino) values(	79	,	1	,	'tuser'	,	'thost'	,	4	,	10	);
insert into ruta(id_ruta, status, text_user, text_host, id_origen, id_destino) values(	80	,	1	,	'tuser'	,	'thost'	,	11	,	18	);
insert into ruta(id_ruta, status, text_user, text_host, id_origen, id_destino) values(	81	,	1	,	'tuser'	,	'thost'	,	5	,	6	);
insert into ruta(id_ruta, status, text_user, text_host, id_origen, id_destino) values(	82	,	1	,	'tuser'	,	'thost'	,	5	,	12	);
insert into ruta(id_ruta, status, text_user, text_host, id_origen, id_destino) values(	83	,	1	,	'tuser'	,	'thost'	,	3	,	16	);
insert into ruta(id_ruta, status, text_user, text_host, id_origen, id_destino) values(	84	,	1	,	'tuser'	,	'thost'	,	9	,	11	);
insert into ruta(id_ruta, status, text_user, text_host, id_origen, id_destino) values(	85	,	1	,	'tuser'	,	'thost'	,	1	,	22	);
insert into ruta(id_ruta, status, text_user, text_host, id_origen, id_destino) values(	86	,	1	,	'tuser'	,	'thost'	,	20	,	25	);
insert into ruta(id_ruta, status, text_user, text_host, id_origen, id_destino) values(	87	,	1	,	'tuser'	,	'thost'	,	1	,	16	);
insert into ruta(id_ruta, status, text_user, text_host, id_origen, id_destino) values(	88	,	1	,	'tuser'	,	'thost'	,	22	,	25	);
insert into ruta(id_ruta, status, text_user, text_host, id_origen, id_destino) values(	89	,	1	,	'tuser'	,	'thost'	,	11	,	17	);
insert into ruta(id_ruta, status, text_user, text_host, id_origen, id_destino) values(	90	,	1	,	'tuser'	,	'thost'	,	18	,	8	);
insert into ruta(id_ruta, status, text_user, text_host, id_origen, id_destino) values(	91	,	1	,	'tuser'	,	'thost'	,	1	,	14	);
insert into ruta(id_ruta, status, text_user, text_host, id_origen, id_destino) values(	92	,	1	,	'tuser'	,	'thost'	,	25	,	19	);
insert into ruta(id_ruta, status, text_user, text_host, id_origen, id_destino) values(	93	,	1	,	'tuser'	,	'thost'	,	14	,	10	);
insert into ruta(id_ruta, status, text_user, text_host, id_origen, id_destino) values(	94	,	1	,	'tuser'	,	'thost'	,	7	,	20	);
insert into ruta(id_ruta, status, text_user, text_host, id_origen, id_destino) values(	95	,	1	,	'tuser'	,	'thost'	,	10	,	16	);
insert into ruta(id_ruta, status, text_user, text_host, id_origen, id_destino) values(	96	,	1	,	'tuser'	,	'thost'	,	14	,	4	);
insert into ruta(id_ruta, status, text_user, text_host, id_origen, id_destino) values(	97	,	1	,	'tuser'	,	'thost'	,	20	,	18	);
insert into ruta(id_ruta, status, text_user, text_host, id_origen, id_destino) values(	98	,	1	,	'tuser'	,	'thost'	,	5	,	4	);
insert into ruta(id_ruta, status, text_user, text_host, id_origen, id_destino) values(	99	,	1	,	'tuser'	,	'thost'	,	13	,	12	);
insert into ruta(id_ruta, status, text_user, text_host, id_origen, id_destino) values(	100	,	1	,	'tuser'	,	'thost'	,	20	,	23	);
insert into ruta(id_ruta, status, text_user, text_host, id_origen, id_destino) values(	1	,	1	,	'tuser'	,	'thost'	,	14	,	2	);
insert into ruta(id_ruta, status, text_user, text_host, id_origen, id_destino) values(	2	,	1	,	'tuser'	,	'thost'	,	2	,	8	);
insert into ruta(id_ruta, status, text_user, text_host, id_origen, id_destino) values(	3	,	1	,	'tuser'	,	'thost'	,	16	,	12	);
insert into ruta(id_ruta, status, text_user, text_host, id_origen, id_destino) values(	4	,	1	,	'tuser'	,	'thost'	,	1	,	14	);
insert into ruta(id_ruta, status, text_user, text_host, id_origen, id_destino) values(	5	,	1	,	'tuser'	,	'thost'	,	20	,	18	);
insert into ruta(id_ruta, status, text_user, text_host, id_origen, id_destino) values(	6	,	1	,	'tuser'	,	'thost'	,	14	,	18	);
insert into ruta(id_ruta, status, text_user, text_host, id_origen, id_destino) values(	7	,	1	,	'tuser'	,	'thost'	,	23	,	24	);
insert into ruta(id_ruta, status, text_user, text_host, id_origen, id_destino) values(	8	,	1	,	'tuser'	,	'thost'	,	11	,	19	);
insert into ruta(id_ruta, status, text_user, text_host, id_origen, id_destino) values(	9	,	1	,	'tuser'	,	'thost'	,	11	,	9	);
insert into ruta(id_ruta, status, text_user, text_host, id_origen, id_destino) values(	10	,	1	,	'tuser'	,	'thost'	,	15	,	6	);
insert into ruta(id_ruta, status, text_user, text_host, id_origen, id_destino) values(	11	,	1	,	'tuser'	,	'thost'	,	9	,	16	);
insert into ruta(id_ruta, status, text_user, text_host, id_origen, id_destino) values(	12	,	1	,	'tuser'	,	'thost'	,	4	,	10	);
insert into ruta(id_ruta, status, text_user, text_host, id_origen, id_destino) values(	13	,	1	,	'tuser'	,	'thost'	,	1	,	13	);
insert into ruta(id_ruta, status, text_user, text_host, id_origen, id_destino) values(	14	,	1	,	'tuser'	,	'thost'	,	2	,	4	);
insert into ruta(id_ruta, status, text_user, text_host, id_origen, id_destino) values(	15	,	1	,	'tuser'	,	'thost'	,	3	,	7	);
insert into ruta(id_ruta, status, text_user, text_host, id_origen, id_destino) values(	16	,	1	,	'tuser'	,	'thost'	,	13	,	14	);
insert into ruta(id_ruta, status, text_user, text_host, id_origen, id_destino) values(	17	,	1	,	'tuser'	,	'thost'	,	9	,	23	);
insert into ruta(id_ruta, status, text_user, text_host, id_origen, id_destino) values(	18	,	1	,	'tuser'	,	'thost'	,	16	,	6	);
insert into ruta(id_ruta, status, text_user, text_host, id_origen, id_destino) values(	19	,	1	,	'tuser'	,	'thost'	,	20	,	24	);
insert into ruta(id_ruta, status, text_user, text_host, id_origen, id_destino) values(	20	,	1	,	'tuser'	,	'thost'	,	24	,	12	);
insert into ruta(id_ruta, status, text_user, text_host, id_origen, id_destino) values(	21	,	1	,	'tuser'	,	'thost'	,	22	,	11	);
insert into ruta(id_ruta, status, text_user, text_host, id_origen, id_destino) values(	22	,	1	,	'tuser'	,	'thost'	,	12	,	18	);
insert into ruta(id_ruta, status, text_user, text_host, id_origen, id_destino) values(	23	,	1	,	'tuser'	,	'thost'	,	4	,	5	);
insert into ruta(id_ruta, status, text_user, text_host, id_origen, id_destino) values(	24	,	1	,	'tuser'	,	'thost'	,	15	,	9	);
insert into ruta(id_ruta, status, text_user, text_host, id_origen, id_destino) values(	25	,	1	,	'tuser'	,	'thost'	,	5	,	7	);
insert into ruta(id_ruta, status, text_user, text_host, id_origen, id_destino) values(	26	,	1	,	'tuser'	,	'thost'	,	22	,	15	);
insert into ruta(id_ruta, status, text_user, text_host, id_origen, id_destino) values(	27	,	1	,	'tuser'	,	'thost'	,	2	,	14	);
insert into ruta(id_ruta, status, text_user, text_host, id_origen, id_destino) values(	28	,	1	,	'tuser'	,	'thost'	,	12	,	16	);
insert into ruta(id_ruta, status, text_user, text_host, id_origen, id_destino) values(	29	,	1	,	'tuser'	,	'thost'	,	8	,	15	);
insert into ruta(id_ruta, status, text_user, text_host, id_origen, id_destino) values(	30	,	1	,	'tuser'	,	'thost'	,	23	,	5	);
insert into ruta(id_ruta, status, text_user, text_host, id_origen, id_destino) values(	31	,	1	,	'tuser'	,	'thost'	,	9	,	11	);
insert into ruta(id_ruta, status, text_user, text_host, id_origen, id_destino) values(	32	,	1	,	'tuser'	,	'thost'	,	15	,	24	);
insert into ruta(id_ruta, status, text_user, text_host, id_origen, id_destino) values(	33	,	1	,	'tuser'	,	'thost'	,	10	,	10	);
insert into ruta(id_ruta, status, text_user, text_host, id_origen, id_destino) values(	34	,	1	,	'tuser'	,	'thost'	,	17	,	11	);
insert into ruta(id_ruta, status, text_user, text_host, id_origen, id_destino) values(	35	,	1	,	'tuser'	,	'thost'	,	5	,	8	);
insert into ruta(id_ruta, status, text_user, text_host, id_origen, id_destino) values(	36	,	1	,	'tuser'	,	'thost'	,	12	,	2	);
insert into ruta(id_ruta, status, text_user, text_host, id_origen, id_destino) values(	37	,	1	,	'tuser'	,	'thost'	,	16	,	14	);
insert into ruta(id_ruta, status, text_user, text_host, id_origen, id_destino) values(	38	,	1	,	'tuser'	,	'thost'	,	8	,	17	);
insert into ruta(id_ruta, status, text_user, text_host, id_origen, id_destino) values(	39	,	1	,	'tuser'	,	'thost'	,	20	,	5	);
insert into ruta(id_ruta, status, text_user, text_host, id_origen, id_destino) values(	40	,	1	,	'tuser'	,	'thost'	,	1	,	9	);
insert into ruta(id_ruta, status, text_user, text_host, id_origen, id_destino) values(	41	,	1	,	'tuser'	,	'thost'	,	21	,	13	);
insert into ruta(id_ruta, status, text_user, text_host, id_origen, id_destino) values(	42	,	1	,	'tuser'	,	'thost'	,	1	,	12	);
insert into ruta(id_ruta, status, text_user, text_host, id_origen, id_destino) values(	43	,	1	,	'tuser'	,	'thost'	,	25	,	19	);
insert into ruta(id_ruta, status, text_user, text_host, id_origen, id_destino) values(	44	,	1	,	'tuser'	,	'thost'	,	9	,	11	);
insert into ruta(id_ruta, status, text_user, text_host, id_origen, id_destino) values(	45	,	1	,	'tuser'	,	'thost'	,	25	,	1	);
insert into ruta(id_ruta, status, text_user, text_host, id_origen, id_destino) values(	46	,	1	,	'tuser'	,	'thost'	,	20	,	14	);
insert into ruta(id_ruta, status, text_user, text_host, id_origen, id_destino) values(	47	,	1	,	'tuser'	,	'thost'	,	2	,	22	);
insert into ruta(id_ruta, status, text_user, text_host, id_origen, id_destino) values(	48	,	1	,	'tuser'	,	'thost'	,	25	,	25	);
insert into ruta(id_ruta, status, text_user, text_host, id_origen, id_destino) values(	49	,	1	,	'tuser'	,	'thost'	,	20	,	5	);
insert into ruta(id_ruta, status, text_user, text_host, id_origen, id_destino) values(	50	,	1	,	'tuser'	,	'thost'	,	9	,	9	);
insert into ruta(id_ruta, status, text_user, text_host, id_origen, id_destino) values(	51	,	1	,	'tuser'	,	'thost'	,	22	,	18	);



insert into movilidad_ruta(id_movilidad_ruta, status, text_user, text_host, id_movilidad, id_ruta) values(	1	,	1	,	'tuser'	,	'thost'	,	13	,	32	);
insert into movilidad_ruta(id_movilidad_ruta, status, text_user, text_host, id_movilidad, id_ruta) values(	2	,	1	,	'tuser'	,	'thost'	,	39	,	22	);
insert into movilidad_ruta(id_movilidad_ruta, status, text_user, text_host, id_movilidad, id_ruta) values(	3	,	1	,	'tuser'	,	'thost'	,	6	,	65	);
insert into movilidad_ruta(id_movilidad_ruta, status, text_user, text_host, id_movilidad, id_ruta) values(	4	,	1	,	'tuser'	,	'thost'	,	49	,	50	);
insert into movilidad_ruta(id_movilidad_ruta, status, text_user, text_host, id_movilidad, id_ruta) values(	5	,	1	,	'tuser'	,	'thost'	,	11	,	58	);
insert into movilidad_ruta(id_movilidad_ruta, status, text_user, text_host, id_movilidad, id_ruta) values(	6	,	1	,	'tuser'	,	'thost'	,	42	,	85	);
insert into movilidad_ruta(id_movilidad_ruta, status, text_user, text_host, id_movilidad, id_ruta) values(	7	,	1	,	'tuser'	,	'thost'	,	41	,	5	);
insert into movilidad_ruta(id_movilidad_ruta, status, text_user, text_host, id_movilidad, id_ruta) values(	8	,	1	,	'tuser'	,	'thost'	,	21	,	85	);
insert into movilidad_ruta(id_movilidad_ruta, status, text_user, text_host, id_movilidad, id_ruta) values(	9	,	1	,	'tuser'	,	'thost'	,	4	,	96	);
insert into movilidad_ruta(id_movilidad_ruta, status, text_user, text_host, id_movilidad, id_ruta) values(	10	,	1	,	'tuser'	,	'thost'	,	45	,	67	);
insert into movilidad_ruta(id_movilidad_ruta, status, text_user, text_host, id_movilidad, id_ruta) values(	11	,	1	,	'tuser'	,	'thost'	,	11	,	6	);
insert into movilidad_ruta(id_movilidad_ruta, status, text_user, text_host, id_movilidad, id_ruta) values(	12	,	1	,	'tuser'	,	'thost'	,	32	,	94	);
insert into movilidad_ruta(id_movilidad_ruta, status, text_user, text_host, id_movilidad, id_ruta) values(	13	,	1	,	'tuser'	,	'thost'	,	41	,	35	);
insert into movilidad_ruta(id_movilidad_ruta, status, text_user, text_host, id_movilidad, id_ruta) values(	14	,	1	,	'tuser'	,	'thost'	,	42	,	45	);
insert into movilidad_ruta(id_movilidad_ruta, status, text_user, text_host, id_movilidad, id_ruta) values(	15	,	1	,	'tuser'	,	'thost'	,	27	,	39	);
insert into movilidad_ruta(id_movilidad_ruta, status, text_user, text_host, id_movilidad, id_ruta) values(	16	,	1	,	'tuser'	,	'thost'	,	14	,	42	);
insert into movilidad_ruta(id_movilidad_ruta, status, text_user, text_host, id_movilidad, id_ruta) values(	17	,	1	,	'tuser'	,	'thost'	,	30	,	70	);
insert into movilidad_ruta(id_movilidad_ruta, status, text_user, text_host, id_movilidad, id_ruta) values(	18	,	1	,	'tuser'	,	'thost'	,	35	,	76	);
insert into movilidad_ruta(id_movilidad_ruta, status, text_user, text_host, id_movilidad, id_ruta) values(	19	,	1	,	'tuser'	,	'thost'	,	20	,	7	);
insert into movilidad_ruta(id_movilidad_ruta, status, text_user, text_host, id_movilidad, id_ruta) values(	20	,	1	,	'tuser'	,	'thost'	,	35	,	47	);
insert into movilidad_ruta(id_movilidad_ruta, status, text_user, text_host, id_movilidad, id_ruta) values(	21	,	1	,	'tuser'	,	'thost'	,	41	,	92	);
insert into movilidad_ruta(id_movilidad_ruta, status, text_user, text_host, id_movilidad, id_ruta) values(	22	,	1	,	'tuser'	,	'thost'	,	31	,	39	);
insert into movilidad_ruta(id_movilidad_ruta, status, text_user, text_host, id_movilidad, id_ruta) values(	23	,	1	,	'tuser'	,	'thost'	,	47	,	78	);
insert into movilidad_ruta(id_movilidad_ruta, status, text_user, text_host, id_movilidad, id_ruta) values(	24	,	1	,	'tuser'	,	'thost'	,	8	,	91	);
insert into movilidad_ruta(id_movilidad_ruta, status, text_user, text_host, id_movilidad, id_ruta) values(	25	,	1	,	'tuser'	,	'thost'	,	13	,	98	);
insert into movilidad_ruta(id_movilidad_ruta, status, text_user, text_host, id_movilidad, id_ruta) values(	26	,	1	,	'tuser'	,	'thost'	,	18	,	75	);
insert into movilidad_ruta(id_movilidad_ruta, status, text_user, text_host, id_movilidad, id_ruta) values(	27	,	1	,	'tuser'	,	'thost'	,	30	,	42	);
insert into movilidad_ruta(id_movilidad_ruta, status, text_user, text_host, id_movilidad, id_ruta) values(	28	,	1	,	'tuser'	,	'thost'	,	5	,	8	);
insert into movilidad_ruta(id_movilidad_ruta, status, text_user, text_host, id_movilidad, id_ruta) values(	29	,	1	,	'tuser'	,	'thost'	,	18	,	99	);
insert into movilidad_ruta(id_movilidad_ruta, status, text_user, text_host, id_movilidad, id_ruta) values(	30	,	1	,	'tuser'	,	'thost'	,	25	,	17	);
insert into movilidad_ruta(id_movilidad_ruta, status, text_user, text_host, id_movilidad, id_ruta) values(	31	,	1	,	'tuser'	,	'thost'	,	4	,	32	);
insert into movilidad_ruta(id_movilidad_ruta, status, text_user, text_host, id_movilidad, id_ruta) values(	32	,	1	,	'tuser'	,	'thost'	,	2	,	91	);
insert into movilidad_ruta(id_movilidad_ruta, status, text_user, text_host, id_movilidad, id_ruta) values(	33	,	1	,	'tuser'	,	'thost'	,	19	,	93	);
insert into movilidad_ruta(id_movilidad_ruta, status, text_user, text_host, id_movilidad, id_ruta) values(	34	,	1	,	'tuser'	,	'thost'	,	4	,	69	);
insert into movilidad_ruta(id_movilidad_ruta, status, text_user, text_host, id_movilidad, id_ruta) values(	35	,	1	,	'tuser'	,	'thost'	,	23	,	55	);
insert into movilidad_ruta(id_movilidad_ruta, status, text_user, text_host, id_movilidad, id_ruta) values(	36	,	1	,	'tuser'	,	'thost'	,	29	,	14	);
insert into movilidad_ruta(id_movilidad_ruta, status, text_user, text_host, id_movilidad, id_ruta) values(	37	,	1	,	'tuser'	,	'thost'	,	6	,	41	);
insert into movilidad_ruta(id_movilidad_ruta, status, text_user, text_host, id_movilidad, id_ruta) values(	38	,	1	,	'tuser'	,	'thost'	,	50	,	19	);
insert into movilidad_ruta(id_movilidad_ruta, status, text_user, text_host, id_movilidad, id_ruta) values(	39	,	1	,	'tuser'	,	'thost'	,	33	,	51	);
insert into movilidad_ruta(id_movilidad_ruta, status, text_user, text_host, id_movilidad, id_ruta) values(	40	,	1	,	'tuser'	,	'thost'	,	48	,	42	);
insert into movilidad_ruta(id_movilidad_ruta, status, text_user, text_host, id_movilidad, id_ruta) values(	41	,	1	,	'tuser'	,	'thost'	,	38	,	37	);
insert into movilidad_ruta(id_movilidad_ruta, status, text_user, text_host, id_movilidad, id_ruta) values(	42	,	1	,	'tuser'	,	'thost'	,	38	,	31	);
insert into movilidad_ruta(id_movilidad_ruta, status, text_user, text_host, id_movilidad, id_ruta) values(	43	,	1	,	'tuser'	,	'thost'	,	13	,	83	);
insert into movilidad_ruta(id_movilidad_ruta, status, text_user, text_host, id_movilidad, id_ruta) values(	44	,	1	,	'tuser'	,	'thost'	,	29	,	28	);
insert into movilidad_ruta(id_movilidad_ruta, status, text_user, text_host, id_movilidad, id_ruta) values(	45	,	1	,	'tuser'	,	'thost'	,	34	,	53	);
insert into movilidad_ruta(id_movilidad_ruta, status, text_user, text_host, id_movilidad, id_ruta) values(	46	,	1	,	'tuser'	,	'thost'	,	40	,	45	);
insert into movilidad_ruta(id_movilidad_ruta, status, text_user, text_host, id_movilidad, id_ruta) values(	47	,	1	,	'tuser'	,	'thost'	,	45	,	15	);
insert into movilidad_ruta(id_movilidad_ruta, status, text_user, text_host, id_movilidad, id_ruta) values(	48	,	1	,	'tuser'	,	'thost'	,	3	,	49	);
insert into movilidad_ruta(id_movilidad_ruta, status, text_user, text_host, id_movilidad, id_ruta) values(	49	,	1	,	'tuser'	,	'thost'	,	33	,	5	);

